;Number of p peaks missed;score1;score2;score3;sd1;sd2;ratio;beat_rate;dominant_freq;energy_percent_at_dominant_freq;mean1;std1;q2_1;iqr1;quartile_coeff_disp1;mean2;std2;q2_2;iqr2;quartile_coeff_disp2;mean3;std3;q2_3;iqr3;quartile_coeff_disp3;label
0;1.0;1.0;1.0;0.7037037037037037;20.216222500109158;40.749837371927974;0.6044684346494834;1.1333333333333333;1.173227336838056;0.07765789487604251;250.1764705882353;10.397223630143769;251.5;10.25;0.020316027088036117;519.3524857052317;67.9067551215277;517.1118673281353;65.50289513801238;0.06652948822234088;126.83786563004894;66.51357298213783;113.44117269616562;52.564525586593895;0.27325870168286753;N
1;4.0;0.5714285714285714;0.6153846153846154;0.7058823529411765;130.7198129404464;121.73858430991032;1.0493166763989337;1.4;2.466666666666666;0.053318408736932;199.9015873015873;38.62296452061446;194.0;47.0;0.12348890812366883;452.63967114645675;53.04469442359579;451.5458175054765;56.821055696732;0.06661201298143314;71.8156946171079;34.95838955660183;65.40258537766691;36.360398648836295;0.2739197963362767;A
